{
"lengthUnit": "mil",
"remark": [],
"components": {
	"fields": ["COMPONENT_NO", "COMPONENT_NAME", "LAYER", "X_COORDINATE", "Y_COORDINATE", "ANGLE"],
	"rows": [
		[1, "C1", "T", 930, -1470, 270],
		[2, "C2", "T", 720, -1360, 270],
		[3, "C3", "T", 621.46, -866.46, 90],
		[4, "C4", "T", 1040, -920, 0],
		[5, "C5", "T", 650, -750, 90],
		[6, "C6", "T", 1045, -1050, 0],
		[7, "C7", "T", 1045, -1100, 0],
		[8, "C8", "T", 995, -1475, 270],
		[9, "C9", "T", 590, -1045, 90],
		[10, "C10", "T", 611.46, -668.54, 0],
		[11, "C11", "T", 610, -600, 0],
		[12, "C12", "T", 1045, -1150, 180],
		[13, "C13", "T", 1045, -1000, 180],
		[14, "C14", "T", 670, -865, 270],
		[15, "C15", "T", 720, -865, 270],
		[16, "C16", "T", 1045, -1475, 270],
		[17, "C17", "T", 655, -1350, 270],
		[18, "C18", "T", 545, -1045, 90],
		[19, "C19", "T", 575, -865, 90],
		[20, "L1", "T", 925, -880, 0],
		[21, "R1", "T", 725, -560, 180],
		[22, "R2", "T", 835, -880, 270],
		[23, "R3", "T", 775, -880, 270],
		[24, "R4", "T", 785, -1360, 270],
		[25, "R5", "T", 590, -940, 0],
		[26, "R7", "T", 950, -950, 270],
		[27, "R8", "T", 1020, -830, 0],
		[28, "RESET", "T", 890, -1330, 180],
		[29, "SW1", "T", 535, -1200, 90],
		[30, "SW2", "T", 1035, -1310, 90],
		[31, "U1", "T", 780, -1130, 0],
		[32, "U2", "T", 820, -1515, 90],
		[33, "U4", "T", 945, -830, 180],
		[34, "U5", "T", 845, -695, 0],
		[35, "USB1", "T", 785, -480, 180],
		[36, "PAD1", "T", 930, -1497.56, 0],
		[37, "PAD2", "T", 930, -1442.44, 0],
		[38, "PAD3", "T", 720, -1387.56, 0],
		[39, "PAD4", "T", 720, -1332.44, 0],
		[40, "PAD5", "T", 621.46, -845, 0],
		[41, "PAD6", "T", 621.46, -887.92, 0],
		[42, "PAD7", "T", 1061.46, -920, 0],
		[43, "PAD8", "T", 1018.54, -920, 0],
		[44, "PAD9", "T", 650, -728.54, 0],
		[45, "PAD10", "T", 650, -771.46, 0],
		[46, "PAD11", "T", 1066.46, -1050, 0],
		[47, "PAD12", "T", 1023.54, -1050, 0],
		[48, "PAD13", "T", 1066.46, -1100, 0],
		[49, "PAD14", "T", 1023.54, -1100, 0],
		[50, "PAD15", "T", 995, -1496.46, 0],
		[51, "PAD16", "T", 995, -1453.54, 0],
		[52, "PAD17", "T", 590, -1023.54, 0],
		[53, "PAD18", "T", 590, -1066.46, 0],
		[54, "PAD19", "T", 632.92, -668.54, 0],
		[55, "PAD20", "T", 590, -668.54, 0],
		[56, "PAD21", "T", 631.46, -600, 0],
		[57, "PAD22", "T", 588.54, -600, 0],
		[58, "PAD23", "T", 1023.54, -1150, 0],
		[59, "PAD24", "T", 1066.46, -1150, 0],
		[60, "PAD25", "T", 1023.54, -1000, 0],
		[61, "PAD26", "T", 1066.46, -1000, 0],
		[62, "PAD27", "T", 670, -886.46, 0],
		[63, "PAD28", "T", 670, -843.54, 0],
		[64, "PAD29", "T", 720, -886.46, 0],
		[65, "PAD30", "T", 720, -843.54, 0],
		[66, "PAD31", "T", 1045, -1496.46, 0],
		[67, "PAD32", "T", 1045, -1453.54, 0],
		[68, "PAD33", "T", 655, -1371.46, 0],
		[69, "PAD34", "T", 655, -1328.54, 0],
		[70, "PAD35", "T", 545, -1023.54, 0],
		[71, "PAD36", "T", 545, -1066.46, 0],
		[72, "PAD37", "T", 575, -843.54, 0],
		[73, "PAD38", "T", 575, -886.46, 0],
		[74, "PAD39", "T", 897.445, -880, 0],
		[75, "PAD40", "T", 952.555, -880, 0],
		[76, "PAD41", "T", 707.96, -560, 0],
		[77, "PAD42", "T", 742.04, -560, 0],
		[78, "PAD43", "T", 835, -909.66, 0],
		[79, "PAD44", "T", 835, -850.34, 0],
		[80, "PAD45", "T", 775, -909.66, 0],
		[81, "PAD46", "T", 775, -850.34, 0],
		[82, "PAD47", "T", 785, -1389.66, 0],
		[83, "PAD48", "T", 785, -1330.34, 0],
		[84, "PAD49", "T", 619.66, -940, 0],
		[85, "PAD50", "T", 560.34, -940, 0],
		[86, "PAD51", "T", 860.34, -1330, 0],
		[87, "PAD52", "T", 919.66, -1330, 0],
		[88, "PAD53", "T", 950, -967.04, 0],
		[89, "PAD54", "T", 950, -932.96, 0],
		[90, "PAD55", "T", 1037.04, -830, 0],
		[91, "PAD56", "T", 1002.96, -830, 0],
		[92, "PAD57", "T", 535, -1286.02, 0],
		[93, "PAD58", "T", 535, -1113.98, 0],
		[94, "PAD59", "T", 1035, -1396.02, 0],
		[95, "PAD60", "T", 1035, -1223.98, 0],
		[96, "PAD61", "T", 780, -1130.005, 0],
		[97, "PAD62", "T", 669.77, -989.255, 0],
		[98, "PAD63", "T", 764.25, -989.255, 0],
		[99, "PAD64", "T", 780, -989.255, 0],
		[100, "PAD65", "T", 795.75, -989.255, 0],
		[101, "PAD66", "T", 811.5, -989.255, 0],
		[102, "PAD67", "T", 827.25, -989.255, 0],
		[103, "PAD68", "T", 842.99, -989.255, 0],
		[104, "PAD69", "T", 858.74, -989.255, 0],
		[105, "PAD70", "T", 874.49, -989.255, 0],
		[106, "PAD71", "T", 890.24, -989.255, 0],
		[107, "PAD72", "T", 920.75, -1019.765, 0],
		[108, "PAD73", "T", 920.75, -1035.515, 0],
		[109, "PAD74", "T", 920.75, -1114.255, 0],
		[110, "PAD75", "T", 920.75, -1130.015, 0],
		[111, "PAD76", "T", 920.75, -1240.235, 0],
		[112, "PAD77", "T", 890.24, -1270.745, 0],
		[113, "PAD78", "T", 827.25, -1270.745, 0],
		[114, "PAD79", "T", 780, -1270.745, 0],
		[115, "PAD80", "T", 764.25, -1270.745, 0],
		[116, "PAD81", "T", 748.51, -1270.745, 0],
		[117, "PAD82", "T", 732.76, -1270.745, 0],
		[118, "PAD83", "T", 639.25, -1177.245, 0],
		[119, "PAD84", "T", 639.25, -1098.505, 0],
		[120, "PAD85", "T", 639.25, -1019.765, 0],
		[121, "PAD86", "T", 853.465, -1558.31, 0],
		[122, "PAD87", "T", 853.465, -1471.69, 0],
		[123, "PAD88", "T", 786.535, -1471.69, 0],
		[124, "PAD89", "T", 786.535, -1558.31, 0],
		[125, "PAD90", "T", 923.81, -830, 0],
		[126, "PAD91", "T", 966.19, -830, 0],
		[127, "PAD92", "T", 957.5, -785.55, 0],
		[128, "PAD93", "T", 957.5, -695, 0],
		[129, "PAD94", "T", 957.5, -604.45, 0],
		[130, "PAD95", "T", 732.5, -695, 0],
		[131, "PAD96", "T", 659.41, -516.025, 0],
		[132, "PAD97", "T", 761.77, -516.025, 0],
		[133, "PAD98", "T", 787.36, -516.025, 0],
		[134, "PAD99", "T", 812.95, -516.025, 0],
		[135, "PAD100", "T", 838.54, -516.025, 0],
		[136, "PAD101", "T", 623.58, -516.025, 0],
		[137, "PAD102", "T", 946.42, -516.025, 0],
		[138, "PAD103", "T", 579.29, -443.975, 0],
		[139, "PAD103", "B", 579.29, -443.975, 0],
		[140, "PAD104", "T", 990.71, -443.975, 0],
		[141, "PAD104", "B", 990.71, -443.975, 0]
	]
},
"pins": {
	"fields": ["PIN_NO", "PIN_NAME", "PIN_X", "PIN_Y", "LAYER", "PIN_TYPE", "NET_NAME", "NET_TYPE", "PAD_SHAPE", "PAD_SIZEX", "PAD_SIZEY", "HOLE_SIZE", "HOLE_LEN", "PAD_ANGLE"],
	"rows": [
		[1, "C1_1", 930, -1442.44, "T", "SMD", "$1N1225", "", "R", 31.496, 35.433, 0, 0, 270],
		[2, "C1_2", 930, -1497.56, "T", "SMD", "$1N1250", "", "R", 31.496, 35.433, 0, 0, 270],
		[3, "C2_1", 720, -1332.44, "T", "SMD", "XIN", "", "R", 31.496, 35.433, 0, 0, 270],
		[4, "C2_2", 720, -1387.56, "T", "SMD", "$1N1229", "", "R", 31.496, 35.433, 0, 0, 270],
		[5, "C3_1", 621.46, -887.92, "T", "SMD", "VREG_AVDD", "", "R", 31.106, 21.26, 0, 0, 90],
		[6, "C3_2", 621.46, -845, "T", "SMD", "GND", "GND", "R", 31.106, 21.26, 0, 0, 90],
		[7, "C4_1", 1018.54, -920, "T", "SMD", "+3V3", "", "R", 31.106, 21.26, 0, 0, 0],
		[8, "C4_2", 1061.46, -920, "T", "SMD", "GND", "GND", "R", 31.106, 21.26, 0, 0, 0],
		[9, "C5_1", 650, -771.46, "T", "SMD", "+1V1", "", "R", 31.106, 21.26, 0, 0, 90],
		[10, "C5_2", 650, -728.54, "T", "SMD", "GND", "GND", "R", 31.106, 21.26, 0, 0, 90],
		[11, "C6_1", 1023.54, -1050, "T", "SMD", "$1N2458", "", "R", 31.106, 21.26, 0, 0, 0],
		[12, "C6_2", 1066.46, -1050, "T", "SMD", "GND", "GND", "R", 31.106, 21.26, 0, 0, 0],
		[13, "C7_1", 1023.54, -1100, "T", "SMD", "$1N2538", "", "R", 31.106, 21.26, 0, 0, 0],
		[14, "C7_2", 1066.46, -1100, "T", "SMD", "GND", "GND", "R", 31.106, 21.26, 0, 0, 0],
		[15, "C8_1", 995, -1453.54, "T", "SMD", "$1N2532", "", "R", 31.106, 21.26, 0, 0, 270],
		[16, "C8_2", 995, -1496.46, "T", "SMD", "GND", "GND", "R", 31.106, 21.26, 0, 0, 270],
		[17, "C9_1", 590, -1066.46, "T", "SMD", "$1N2527", "", "R", 31.106, 21.26, 0, 0, 90],
		[18, "C9_2", 590, -1023.54, "T", "SMD", "GND", "GND", "R", 31.106, 21.26, 0, 0, 90],
		[19, "C10_1", 590, -668.54, "T", "SMD", "VCC", "", "R", 31.106, 21.26, 0, 0, 0],
		[20, "C10_2", 632.92, -668.54, "T", "SMD", "GND", "GND", "R", 31.106, 21.26, 0, 0, 0],
		[21, "C11_1", 588.54, -600, "T", "SMD", "+3V3", "", "R", 31.106, 21.26, 0, 0, 0],
		[22, "C11_2", 631.46, -600, "T", "SMD", "GND", "GND", "R", 31.106, 21.26, 0, 0, 0],
		[23, "C12_1", 1066.46, -1150, "T", "SMD", "GND", "GND", "R", 31.106, 21.26, 0, 0, 180],
		[24, "C12_2", 1023.54, -1150, "T", "SMD", "$1N2901", "", "R", 31.106, 21.26, 0, 0, 180],
		[25, "C13_1", 1066.46, -1000, "T", "SMD", "GND", "GND", "R", 31.106, 21.26, 0, 0, 180],
		[26, "C13_2", 1023.54, -1000, "T", "SMD", "$1N2906", "", "R", 31.106, 21.26, 0, 0, 180],
		[27, "C14_1", 670, -843.54, "T", "SMD", "GND", "GND", "R", 31.106, 21.26, 0, 0, 270],
		[28, "C14_2", 670, -886.46, "T", "SMD", "$1N2912", "", "R", 31.106, 21.26, 0, 0, 270],
		[29, "C15_1", 720, -843.54, "T", "SMD", "GND", "GND", "R", 31.106, 21.26, 0, 0, 270],
		[30, "C15_2", 720, -886.46, "T", "SMD", "$1N2918", "", "R", 31.106, 21.26, 0, 0, 270],
		[31, "C16_1", 1045, -1453.54, "T", "SMD", "$1N2894", "", "R", 31.106, 21.26, 0, 0, 270],
		[32, "C16_2", 1045, -1496.46, "T", "SMD", "GND", "GND", "R", 31.106, 21.26, 0, 0, 270],
		[33, "C17_1", 655, -1328.54, "T", "SMD", "$1N2887", "", "R", 31.106, 21.26, 0, 0, 270],
		[34, "C17_2", 655, -1371.46, "T", "SMD", "GND", "GND", "R", 31.106, 21.26, 0, 0, 270],
		[35, "C18_1", 545, -1066.46, "T", "SMD", "$1N2881", "", "R", 31.106, 21.26, 0, 0, 90],
		[36, "C18_2", 545, -1023.54, "T", "SMD", "GND", "GND", "R", 31.106, 21.26, 0, 0, 90],
		[37, "C19_1", 575, -886.46, "T", "SMD", "$1N2866", "", "R", 31.106, 21.26, 0, 0, 90],
		[38, "C19_2", 575, -843.54, "T", "SMD", "GND", "GND", "R", 31.106, 21.26, 0, 0, 90],
		[39, "L1_1", 897.445, -880, "T", "SMD", "+1V1", "", "R", 31.496, 34.016, 0, 0, 180],
		[40, "L1_2", 952.555, -880, "T", "SMD", "VREG_LX", "", "R", 31.496, 34.016, 0, 0, 180],
		[41, "R1_1", 742.04, -560, "T", "SMD", "$1N827", "", "R", 22.27, 21.26, 0, 0, 180],
		[42, "R1_2", 707.96, -560, "T", "SMD", "GND", "GND", "R", 22.27, 21.26, 0, 0, 180],
		[43, "R2_1", 835, -850.34, "T", "SMD", "D-", "", "R", 31.751, 34.016, 0, 0, 270],
		[44, "R2_2", 835, -909.66, "T", "SMD", "$1N987", "", "R", 31.751, 34.016, 0, 0, 270],
		[45, "R3_1", 775, -850.34, "T", "SMD", "D+", "", "R", 31.751, 34.016, 0, 0, 270],
		[46, "R3_2", 775, -909.66, "T", "SMD", "$1N1013", "", "R", 31.751, 34.016, 0, 0, 270],
		[47, "R4_1", 785, -1330.34, "T", "SMD", "XOUT", "", "R", 31.751, 34.016, 0, 0, 270],
		[48, "R4_2", 785, -1389.66, "T", "SMD", "$1N1225", "", "R", 31.751, 34.016, 0, 0, 270],
		[49, "R5_1", 560.34, -940, "T", "SMD", "$1N1472", "", "R", 31.751, 34.016, 0, 0, 0],
		[50, "R5_2", 619.66, -940, "T", "SMD", "$1N1378", "", "R", 31.751, 34.016, 0, 0, 0],
		[51, "R7_1", 950, -932.96, "T", "SMD", "+3V3", "", "R", 22.27, 21.26, 0, 0, 270],
		[52, "R7_2", 950, -967.04, "T", "SMD", "VREG_AVDD", "", "R", 22.27, 21.26, 0, 0, 270],
		[53, "R8_1", 1002.96, -830, "T", "SMD", "$1N3405", "", "R", 22.27, 21.26, 0, 0, 0],
		[54, "R8_2", 1037.04, -830, "T", "SMD", "GND", "GND", "R", 22.27, 21.26, 0, 0, 0],
		[55, "RESET_1", 919.66, -1330, "T", "SMD", "$1N1637", "", "R", 31.751, 34.016, 0, 0, 180],
		[56, "RESET_2", 860.34, -1330, "T", "SMD", "$1N1567", "", "R", 31.751, 34.016, 0, 0, 180],
		[57, "SW1_1", 535, -1286.02, "T", "SMD", "GND", "GND", "R", 48.425, 53.543, 0, 0, 90],
		[58, "SW1_2", 535, -1113.98, "T", "SMD", "$1N1472", "", "R", 48.425, 53.543, 0, 0, 90],
		[59, "SW2_1", 1035, -1396.02, "T", "SMD", "GND", "GND", "R", 48.425, 53.543, 0, 0, 90],
		[60, "SW2_2", 1035, -1223.98, "T", "SMD", "$1N1637", "", "R", 48.425, 53.543, 0, 0, 90],
		[61, "U1_1", 639.25, -1019.765, "T", "SMD", "$1N2866", "", "R", 34.449, 7.874, 0, 0, 0],
		[62, "U1_2", 639.25, -1035.515, "T", "SMD", "NET_1", "", "R", 34.449, 7.874, 0, 0, 0],
		[63, "U1_3", 639.25, -1051.265, "T", "SMD", "NET_2", "", "R", 34.449, 7.874, 0, 0, 0],
		[64, "U1_4", 639.25, -1067.015, "T", "SMD", "NET_3", "", "R", 34.449, 7.874, 0, 0, 0],
		[65, "U1_5", 639.25, -1082.755, "T", "SMD", "NET_4", "", "R", 34.449, 7.874, 0, 0, 0],
		[66, "U1_6", 639.25, -1098.505, "T", "SMD", "$1N2527", "", "R", 34.449, 7.874, 0, 0, 0],
		[67, "U1_7", 639.25, -1114.255, "T", "SMD", "NET_5", "", "R", 34.449, 7.874, 0, 0, 0],
		[68, "U1_8", 639.25, -1130.005, "T", "SMD", "NET_6", "", "R", 34.449, 7.874, 0, 0, 0],
		[69, "U1_9", 639.25, -1145.745, "T", "SMD", "NET_7", "", "R", 34.449, 7.874, 0, 0, 0],
		[70, "U1_10", 639.25, -1161.495, "T", "SMD", "NET_8", "", "R", 34.449, 7.874, 0, 0, 0],
		[71, "U1_11", 639.25, -1177.245, "T", "SMD", "$1N2881", "", "R", 34.449, 7.874, 0, 0, 0],
		[72, "U1_12", 639.25, -1192.995, "T", "SMD", "NET_9", "", "R", 34.449, 7.874, 0, 0, 0],
		[73, "U1_13", 639.25, -1208.745, "T", "SMD", "NET_10", "", "R", 34.449, 7.874, 0, 0, 0],
		[74, "U1_14", 639.25, -1224.495, "T", "SMD", "NET_11", "", "R", 34.449, 7.874, 0, 0, 0],
		[75, "U1_15", 639.25, -1240.235, "T", "SMD", "NET_12", "", "R", 34.449, 7.874, 0, 0, 0],
		[76, "U1_16", 669.77, -1270.745, "T", "SMD", "NET_13", "", "R", 7.874, 34.449, 0, 0, 0],
		[77, "U1_17", 685.51, -1270.745, "T", "SMD", "NET_14", "", "R", 7.874, 34.449, 0, 0, 0],
		[78, "U1_18", 701.26, -1270.745, "T", "SMD", "NET_15", "", "R", 7.874, 34.449, 0, 0, 0],
		[79, "U1_19", 717.01, -1270.745, "T", "SMD", "NET_16", "", "R", 7.874, 34.449, 0, 0, 0],
		[80, "U1_20", 732.76, -1270.745, "T", "SMD", "$1N2887", "", "R", 7.874, 34.449, 0, 0, 0],
		[81, "U1_21", 748.51, -1270.745, "T", "SMD", "XIN", "", "R", 7.874, 34.449, 0, 0, 0],
		[82, "U1_22", 764.25, -1270.745, "T", "SMD", "XOUT", "", "R", 7.874, 34.449, 0, 0, 0],
		[83, "U1_23", 780, -1270.745, "T", "SMD", "$1N2532", "", "R", 7.874, 34.449, 0, 0, 0],
		[84, "U1_24", 795.75, -1270.745, "T", "SMD", "NET_17", "", "R", 7.874, 34.449, 0, 0, 0],
		[85, "U1_25", 811.5, -1270.745, "T", "SMD", "NET_18", "", "R", 7.874, 34.449, 0, 0, 0],
		[86, "U1_26", 827.25, -1270.745, "T", "SMD", "$1N1567", "", "R", 7.874, 34.449, 0, 0, 0],
		[87, "U1_27", 842.99, -1270.745, "T", "SMD", "NET_19", "", "R", 7.874, 34.449, 0, 0, 0],
		[88, "U1_28", 858.74, -1270.745, "T", "SMD", "NET_20", "", "R", 7.874, 34.449, 0, 0, 0],
		[89, "U1_29", 874.49, -1270.745, "T", "SMD", "NET_21", "", "R", 7.874, 34.449, 0, 0, 0],
		[90, "U1_30", 890.24, -1270.745, "T", "SMD", "$1N2894", "", "R", 7.874, 34.449, 0, 0, 0],
		[91, "U1_31", 920.75, -1240.235, "T", "SMD", "$1N3316", "", "R", 34.449, 7.874, 0, 0, 0],
		[92, "U1_32", 920.75, -1224.485, "T", "SMD", "NET_22", "", "R", 34.449, 7.874, 0, 0, 0],
		[93, "U1_33", 920.75, -1208.755, "T", "SMD", "NET_23", "", "R", 34.449, 7.874, 0, 0, 0],
		[94, "U1_34", 920.75, -1192.995, "T", "SMD", "NET_24", "", "R", 34.449, 7.874, 0, 0, 0],
		[95, "U1_35", 920.75, -1177.245, "T", "SMD", "NET_25", "", "R", 34.449, 7.874, 0, 0, 0],
		[96, "U1_36", 920.75, -1161.495, "T", "SMD", "NET_26", "", "R", 34.449, 7.874, 0, 0, 0],
		[97, "U1_37", 920.75, -1145.745, "T", "SMD", "NET_27", "", "R", 34.449, 7.874, 0, 0, 0],
		[98, "U1_38", 920.75, -1130.015, "T", "SMD", "$1N2901", "", "R", 34.449, 7.874, 0, 0, 0],
		[99, "U1_39", 920.75, -1114.255, "T", "SMD", "$1N2538", "", "R", 34.449, 7.874, 0, 0, 0],
		[100, "U1_40", 920.75, -1098.505, "T", "SMD", "NET_28", "", "R", 34.449, 7.874, 0, 0, 0],
		[101, "U1_41", 920.75, -1082.755, "T", "SMD", "NET_29", "", "R", 34.449, 7.874, 0, 0, 0],
		[102, "U1_42", 920.75, -1067.005, "T", "SMD", "NET_30", "", "R", 34.449, 7.874, 0, 0, 0],
		[103, "U1_43", 920.75, -1051.275, "T", "SMD", "NET_31", "", "R", 34.449, 7.874, 0, 0, 0],
		[104, "U1_44", 920.75, -1035.515, "T", "SMD", "$1N2458", "", "R", 34.449, 7.874, 0, 0, 0],
		[105, "U1_45", 920.75, -1019.765, "T", "SMD", "$1N2906", "", "R", 34.449, 7.874, 0, 0, 0],
		[106, "U1_46", 890.24, -989.255, "T", "SMD", "VREG_AVDD", "", "R", 7.874, 34.449, 0, 0, 0],
		[107, "U1_47", 874.49, -989.255, "T", "SMD", "GND", "GND", "R", 7.874, 34.449, 0, 0, 0],
		[108, "U1_48", 858.74, -989.255, "T", "SMD", "VREG_LX", "", "R", 7.874, 34.449, 0, 0, 0],
		[109, "U1_49", 842.99, -989.255, "T", "SMD", "+3V3", "", "R", 7.874, 34.449, 0, 0, 0],
		[110, "U1_50", 827.25, -989.255, "T", "SMD", "+1V1", "", "R", 7.874, 34.449, 0, 0, 0],
		[111, "U1_51", 811.5, -989.255, "T", "SMD", "$1N987", "", "R", 7.874, 34.449, 0, 0, 0],
		[112, "U1_52", 795.75, -989.255, "T", "SMD", "$1N1013", "", "R", 7.874, 34.449, 0, 0, 0],
		[113, "U1_53", 780, -989.255, "T", "SMD", "$1N2918", "", "R", 7.874, 34.449, 0, 0, 0],
		[114, "U1_54", 764.25, -989.255, "T", "SMD", "$1N2912", "", "R", 7.874, 34.449, 0, 0, 0],
		[115, "U1_55", 748.51, -989.255, "T", "SMD", "NET_32", "", "R", 7.874, 34.449, 0, 0, 0],
		[116, "U1_56", 732.76, -989.255, "T", "SMD", "NET_33", "", "R", 7.874, 34.449, 0, 0, 0],
		[117, "U1_57", 717.01, -989.255, "T", "SMD", "NET_34", "", "R", 7.874, 34.449, 0, 0, 0],
		[118, "U1_58", 701.26, -989.255, "T", "SMD", "NET_35", "", "R", 7.874, 34.449, 0, 0, 0],
		[119, "U1_59", 685.51, -989.255, "T", "SMD", "NET_36", "", "R", 7.874, 34.449, 0, 0, 0],
		[120, "U1_60", 669.77, -989.255, "T", "SMD", "$1N1378", "", "R", 7.874, 34.449, 0, 0, 0],
		[121, "U1_61", 780, -1130.005, "T", "SMD", "GND", "GND", "R", 133.858, 133.858, 0, 0, 0],
		[122, "U2_1", 853.465, -1558.31, "T", "SMD", "$1N1229", "", "R", 55.118, 47.244, 0, 0, 90],
		[123, "U2_2", 853.465, -1471.69, "T", "SMD", "$1N1250", "", "R", 55.118, 47.244, 0, 0, 90],
		[124, "U2_3", 786.535, -1471.69, "T", "SMD", "$1N1225", "", "R", 55.118, 47.244, 0, 0, 90],
		[125, "U2_4", 786.535, -1558.31, "T", "SMD", "XIN", "", "R", 55.118, 47.244, 0, 0, 90],
		[126, "U4_1", 966.19, -830, "T", "SMD", "$1N3405", "", "R", 25.058, 21.26, 0, 0, 180],
		[127, "U4_2", 923.81, -830, "T", "SMD", "$1N3316", "", "R", 25.058, 21.26, 0, 0, 180],
		[128, "U5_1", 957.5, -785.55, "T", "SMD", "GND", "GND", "R", 97.047, 41.339, 0, 0, 0],
		[129, "U5_2", 957.5, -695, "T", "SMD", "+3V3", "", "R", 97.047, 41.339, 0, 0, 0],
		[130, "U5_3", 957.5, -604.45, "T", "SMD", "VCC", "", "R", 97.047, 41.339, 0, 0, 0],
		[131, "U5_4", 732.5, -695, "T", "SMD", "GND", "GND", "R", 97.047, 139.37, 0, 0, 0],
		[132, "USB1_1", 946.42, -516.025, "T", "SMD", "GND", "GND", "R", 31.496, 52.756, 0, 0, 180],
		[133, "USB1_2", 623.58, -516.025, "T", "SMD", "GND", "GND", "R", 31.496, 55.118, 0, 0, 180],
		[134, "USB1_3", 990.71, -443.975, "T", "DIP", "GND", "GND", "O", 39.37, 79.921, 19.686, 60.236, 180],
		[135, "USB1_3", 990.71, -443.975, "B", "DIP", "GND", "GND", "O", 39.37, 79.921, 19.686, 60.236, 180],
		[136, "USB1_4", 579.29, -443.975, "T", "DIP", "GND", "GND", "O", 39.37, 79.921, 19.686, 60.239, 180],
		[137, "USB1_4", 579.29, -443.975, "B", "DIP", "GND", "GND", "O", 39.37, 79.921, 19.686, 60.239, 180],
		[138, "USB1_A1", 659.41, -516.025, "T", "SMD", "GND", "GND", "R", 14.961, 52.756, 0, 0, 180],
		[139, "USB1_A2", 685, -516.025, "T", "SMD", "NET_37", "", "R", 14.961, 52.756, 0, 0, 180],
		[140, "USB1_A3", 710.59, -516.025, "T", "SMD", "NET_38", "", "R", 14.961, 52.756, 0, 0, 180],
		[141, "USB1_A5", 761.77, -516.025, "T", "SMD", "$1N827", "", "R", 14.961, 52.756, 0, 0, 180],
		[142, "USB1_A6", 787.36, -516.025, "T", "SMD", "D+", "", "R", 14.961, 52.756, 0, 0, 180],
		[143, "USB1_A7", 812.95, -516.025, "T", "SMD", "D-", "", "R", 14.961, 52.756, 0, 0, 180],
		[144, "USB1_A9", 838.54, -516.025, "T", "SMD", "VCC", "", "R", 14.961, 52.756, 0, 0, 180],
		[145, "USB1_B10", 889.72, -516.025, "T", "SMD", "NET_39", "", "R", 14.961, 52.756, 0, 0, 180],
		[146, "USB1_B11", 864.13, -516.025, "T", "SMD", "NET_40", "", "R", 14.961, 52.756, 0, 0, 180],
		[147, "PAD1_2", 930, -1497.56, "T", "SMD", "$1N1250", "", "R", 31.496, 35.433, 0, 0, 270],
		[148, "PAD2_1", 930, -1442.44, "T", "SMD", "$1N1225", "", "R", 31.496, 35.433, 0, 0, 270],
		[149, "PAD3_2", 720, -1387.56, "T", "SMD", "$1N1229", "", "R", 31.496, 35.433, 0, 0, 270],
		[150, "PAD4_1", 720, -1332.44, "T", "SMD", "XIN", "", "R", 31.496, 35.433, 0, 0, 270],
		[151, "PAD5_2", 621.46, -845, "T", "SMD", "GND", "GND", "R", 31.106, 21.26, 0, 0, 90],
		[152, "PAD6_1", 621.46, -887.92, "T", "SMD", "VREG_AVDD", "", "R", 31.106, 21.26, 0, 0, 90],
		[153, "PAD7_2", 1061.46, -920, "T", "SMD", "GND", "GND", "R", 31.106, 21.26, 0, 0, 0],
		[154, "PAD8_1", 1018.54, -920, "T", "SMD", "+3V3", "", "R", 31.106, 21.26, 0, 0, 0],
		[155, "PAD9_2", 650, -728.54, "T", "SMD", "GND", "GND", "R", 31.106, 21.26, 0, 0, 90],
		[156, "PAD10_1", 650, -771.46, "T", "SMD", "+1V1", "", "R", 31.106, 21.26, 0, 0, 90],
		[157, "PAD11_2", 1066.46, -1050, "T", "SMD", "GND", "GND", "R", 31.106, 21.26, 0, 0, 0],
		[158, "PAD12_1", 1023.54, -1050, "T", "SMD", "$1N2458", "", "R", 31.106, 21.26, 0, 0, 0],
		[159, "PAD13_2", 1066.46, -1100, "T", "SMD", "GND", "GND", "R", 31.106, 21.26, 0, 0, 0],
		[160, "PAD14_1", 1023.54, -1100, "T", "SMD", "$1N2538", "", "R", 31.106, 21.26, 0, 0, 0],
		[161, "PAD15_2", 995, -1496.46, "T", "SMD", "GND", "GND", "R", 31.106, 21.26, 0, 0, 270],
		[162, "PAD16_1", 995, -1453.54, "T", "SMD", "$1N2532", "", "R", 31.106, 21.26, 0, 0, 270],
		[163, "PAD17_2", 590, -1023.54, "T", "SMD", "GND", "GND", "R", 31.106, 21.26, 0, 0, 90],
		[164, "PAD18_1", 590, -1066.46, "T", "SMD", "$1N2527", "", "R", 31.106, 21.26, 0, 0, 90],
		[165, "PAD19_2", 632.92, -668.54, "T", "SMD", "GND", "GND", "R", 31.106, 21.26, 0, 0, 0],
		[166, "PAD20_1", 590, -668.54, "T", "SMD", "VCC", "", "R", 31.106, 21.26, 0, 0, 0],
		[167, "PAD21_2", 631.46, -600, "T", "SMD", "GND", "GND", "R", 31.106, 21.26, 0, 0, 0],
		[168, "PAD22_1", 588.54, -600, "T", "SMD", "+3V3", "", "R", 31.106, 21.26, 0, 0, 0],
		[169, "PAD23_2", 1023.54, -1150, "T", "SMD", "$1N2901", "", "R", 31.106, 21.26, 0, 0, 180],
		[170, "PAD24_1", 1066.46, -1150, "T", "SMD", "GND", "GND", "R", 31.106, 21.26, 0, 0, 180],
		[171, "PAD25_2", 1023.54, -1000, "T", "SMD", "$1N2906", "", "R", 31.106, 21.26, 0, 0, 180],
		[172, "PAD26_1", 1066.46, -1000, "T", "SMD", "GND", "GND", "R", 31.106, 21.26, 0, 0, 180],
		[173, "PAD27_2", 670, -886.46, "T", "SMD", "$1N2912", "", "R", 31.106, 21.26, 0, 0, 270],
		[174, "PAD28_1", 670, -843.54, "T", "SMD", "GND", "GND", "R", 31.106, 21.26, 0, 0, 270],
		[175, "PAD29_2", 720, -886.46, "T", "SMD", "$1N2918", "", "R", 31.106, 21.26, 0, 0, 270],
		[176, "PAD30_1", 720, -843.54, "T", "SMD", "GND", "GND", "R", 31.106, 21.26, 0, 0, 270],
		[177, "PAD31_2", 1045, -1496.46, "T", "SMD", "GND", "GND", "R", 31.106, 21.26, 0, 0, 270],
		[178, "PAD32_1", 1045, -1453.54, "T", "SMD", "$1N2894", "", "R", 31.106, 21.26, 0, 0, 270],
		[179, "PAD33_2", 655, -1371.46, "T", "SMD", "GND", "GND", "R", 31.106, 21.26, 0, 0, 270],
		[180, "PAD34_1", 655, -1328.54, "T", "SMD", "$1N2887", "", "R", 31.106, 21.26, 0, 0, 270],
		[181, "PAD35_2", 545, -1023.54, "T", "SMD", "GND", "GND", "R", 31.106, 21.26, 0, 0, 90],
		[182, "PAD36_1", 545, -1066.46, "T", "SMD", "$1N2881", "", "R", 31.106, 21.26, 0, 0, 90],
		[183, "PAD37_2", 575, -843.54, "T", "SMD", "GND", "GND", "R", 31.106, 21.26, 0, 0, 90],
		[184, "PAD38_1", 575, -886.46, "T", "SMD", "$1N2866", "", "R", 31.106, 21.26, 0, 0, 90],
		[185, "PAD39_1", 897.445, -880, "T", "SMD", "+1V1", "", "R", 31.496, 34.016, 0, 0, 180],
		[186, "PAD40_2", 952.555, -880, "T", "SMD", "VREG_LX", "", "R", 31.496, 34.016, 0, 0, 180],
		[187, "PAD41_2", 707.96, -560, "T", "SMD", "GND", "GND", "R", 22.27, 21.26, 0, 0, 180],
		[188, "PAD42_1", 742.04, -560, "T", "SMD", "$1N827", "", "R", 22.27, 21.26, 0, 0, 180],
		[189, "PAD43_2", 835, -909.66, "T", "SMD", "$1N987", "", "R", 31.751, 34.016, 0, 0, 270],
		[190, "PAD44_1", 835, -850.34, "T", "SMD", "D-", "", "R", 31.751, 34.016, 0, 0, 270],
		[191, "PAD45_2", 775, -909.66, "T", "SMD", "$1N1013", "", "R", 31.751, 34.016, 0, 0, 270],
		[192, "PAD46_1", 775, -850.34, "T", "SMD", "D+", "", "R", 31.751, 34.016, 0, 0, 270],
		[193, "PAD47_2", 785, -1389.66, "T", "SMD", "$1N1225", "", "R", 31.751, 34.016, 0, 0, 270],
		[194, "PAD48_1", 785, -1330.34, "T", "SMD", "XOUT", "", "R", 31.751, 34.016, 0, 0, 270],
		[195, "PAD49_2", 619.66, -940, "T", "SMD", "$1N1378", "", "R", 31.751, 34.016, 0, 0, 0],
		[196, "PAD50_1", 560.34, -940, "T", "SMD", "$1N1472", "", "R", 31.751, 34.016, 0, 0, 0],
		[197, "PAD51_2", 860.34, -1330, "T", "SMD", "$1N1567", "", "R", 31.751, 34.016, 0, 0, 180],
		[198, "PAD52_1", 919.66, -1330, "T", "SMD", "$1N1637", "", "R", 31.751, 34.016, 0, 0, 180],
		[199, "PAD53_2", 950, -967.04, "T", "SMD", "VREG_AVDD", "", "R", 22.27, 21.26, 0, 0, 270],
		[200, "PAD54_1", 950, -932.96, "T", "SMD", "+3V3", "", "R", 22.27, 21.26, 0, 0, 270],
		[201, "PAD55_2", 1037.04, -830, "T", "SMD", "GND", "GND", "R", 22.27, 21.26, 0, 0, 0],
		[202, "PAD56_1", 1002.96, -830, "T", "SMD", "$1N3405", "", "R", 22.27, 21.26, 0, 0, 0],
		[203, "PAD57_1", 535, -1286.02, "T", "SMD", "GND", "GND", "R", 48.425, 53.543, 0, 0, 90],
		[204, "PAD58_2", 535, -1113.98, "T", "SMD", "$1N1472", "", "R", 48.425, 53.543, 0, 0, 90],
		[205, "PAD59_1", 1035, -1396.02, "T", "SMD", "GND", "GND", "R", 48.425, 53.543, 0, 0, 90],
		[206, "PAD60_2", 1035, -1223.98, "T", "SMD", "$1N1637", "", "R", 48.425, 53.543, 0, 0, 90],
		[207, "PAD61_61", 780, -1130.005, "T", "SMD", "GND", "GND", "R", 133.858, 133.858, 0, 0, 0],
		[208, "PAD62_60", 669.77, -989.255, "T", "SMD", "$1N1378", "", "R", 7.874, 34.449, 0, 0, 0],
		[209, "PAD63_54", 764.25, -989.255, "T", "SMD", "$1N2912", "", "R", 7.874, 34.449, 0, 0, 0],
		[210, "PAD64_53", 780, -989.255, "T", "SMD", "$1N2918", "", "R", 7.874, 34.449, 0, 0, 0],
		[211, "PAD65_52", 795.75, -989.255, "T", "SMD", "$1N1013", "", "R", 7.874, 34.449, 0, 0, 0],
		[212, "PAD66_51", 811.5, -989.255, "T", "SMD", "$1N987", "", "R", 7.874, 34.449, 0, 0, 0],
		[213, "PAD67_50", 827.25, -989.255, "T", "SMD", "+1V1", "", "R", 7.874, 34.449, 0, 0, 0],
		[214, "PAD68_49", 842.99, -989.255, "T", "SMD", "+3V3", "", "R", 7.874, 34.449, 0, 0, 0],
		[215, "PAD69_48", 858.74, -989.255, "T", "SMD", "VREG_LX", "", "R", 7.874, 34.449, 0, 0, 0],
		[216, "PAD70_47", 874.49, -989.255, "T", "SMD", "GND", "GND", "R", 7.874, 34.449, 0, 0, 0],
		[217, "PAD71_46", 890.24, -989.255, "T", "SMD", "VREG_AVDD", "", "R", 7.874, 34.449, 0, 0, 0],
		[218, "PAD72_45", 920.75, -1019.765, "T", "SMD", "$1N2906", "", "R", 34.449, 7.874, 0, 0, 0],
		[219, "PAD73_44", 920.75, -1035.515, "T", "SMD", "$1N2458", "", "R", 34.449, 7.874, 0, 0, 0],
		[220, "PAD74_39", 920.75, -1114.255, "T", "SMD", "$1N2538", "", "R", 34.449, 7.874, 0, 0, 0],
		[221, "PAD75_38", 920.75, -1130.015, "T", "SMD", "$1N2901", "", "R", 34.449, 7.874, 0, 0, 0],
		[222, "PAD76_31", 920.75, -1240.235, "T", "SMD", "$1N3316", "", "R", 34.449, 7.874, 0, 0, 0],
		[223, "PAD77_30", 890.24, -1270.745, "T", "SMD", "$1N2894", "", "R", 7.874, 34.449, 0, 0, 0],
		[224, "PAD78_26", 827.25, -1270.745, "T", "SMD", "$1N1567", "", "R", 7.874, 34.449, 0, 0, 0],
		[225, "PAD79_23", 780, -1270.745, "T", "SMD", "$1N2532", "", "R", 7.874, 34.449, 0, 0, 0],
		[226, "PAD80_22", 764.25, -1270.745, "T", "SMD", "XOUT", "", "R", 7.874, 34.449, 0, 0, 0],
		[227, "PAD81_21", 748.51, -1270.745, "T", "SMD", "XIN", "", "R", 7.874, 34.449, 0, 0, 0],
		[228, "PAD82_20", 732.76, -1270.745, "T", "SMD", "$1N2887", "", "R", 7.874, 34.449, 0, 0, 0],
		[229, "PAD83_11", 639.25, -1177.245, "T", "SMD", "$1N2881", "", "R", 34.449, 7.874, 0, 0, 0],
		[230, "PAD84_6", 639.25, -1098.505, "T", "SMD", "$1N2527", "", "R", 34.449, 7.874, 0, 0, 0],
		[231, "PAD85_1", 639.25, -1019.765, "T", "SMD", "$1N2866", "", "R", 34.449, 7.874, 0, 0, 0],
		[232, "PAD86_1", 853.465, -1558.31, "T", "SMD", "$1N1229", "", "R", 55.118, 47.244, 0, 0, 90],
		[233, "PAD87_2", 853.465, -1471.69, "T", "SMD", "$1N1250", "", "R", 55.118, 47.244, 0, 0, 90],
		[234, "PAD88_3", 786.535, -1471.69, "T", "SMD", "$1N1225", "", "R", 55.118, 47.244, 0, 0, 90],
		[235, "PAD89_4", 786.535, -1558.31, "T", "SMD", "XIN", "", "R", 55.118, 47.244, 0, 0, 90],
		[236, "PAD90_2", 923.81, -830, "T", "SMD", "$1N3316", "", "R", 25.058, 21.26, 0, 0, 180],
		[237, "PAD91_1", 966.19, -830, "T", "SMD", "$1N3405", "", "R", 25.058, 21.26, 0, 0, 180],
		[238, "PAD92_1", 957.5, -785.55, "T", "SMD", "GND", "GND", "R", 97.047, 41.339, 0, 0, 0],
		[239, "PAD93_2", 957.5, -695, "T", "SMD", "+3V3", "", "R", 97.047, 41.339, 0, 0, 0],
		[240, "PAD94_3", 957.5, -604.45, "T", "SMD", "VCC", "", "R", 97.047, 41.339, 0, 0, 0],
		[241, "PAD95_4", 732.5, -695, "T", "SMD", "GND", "GND", "R", 97.047, 139.37, 0, 0, 0],
		[242, "PAD96_A1", 659.41, -516.025, "T", "SMD", "GND", "GND", "R", 14.961, 52.756, 0, 0, 180],
		[243, "PAD97_A5", 761.77, -516.025, "T", "SMD", "$1N827", "", "R", 14.961, 52.756, 0, 0, 180],
		[244, "PAD98_A6", 787.36, -516.025, "T", "SMD", "D+", "", "R", 14.961, 52.756, 0, 0, 180],
		[245, "PAD99_A7", 812.95, -516.025, "T", "SMD", "D-", "", "R", 14.961, 52.756, 0, 0, 180],
		[246, "PAD100_A9", 838.54, -516.025, "T", "SMD", "VCC", "", "R", 14.961, 52.756, 0, 0, 180],
		[247, "PAD101_2", 623.58, -516.025, "T", "SMD", "GND", "GND", "R", 31.496, 55.118, 0, 0, 180],
		[248, "PAD102_1", 946.42, -516.025, "T", "SMD", "GND", "GND", "R", 31.496, 52.756, 0, 0, 180],
		[249, "PAD103_4", 579.29, -443.975, "T", "DIP", "GND", "GND", "O", 39.37, 79.921, 19.686, 60.239, 180],
		[250, "PAD103_4", 579.29, -443.975, "B", "DIP", "GND", "GND", "O", 39.37, 79.921, 19.686, 60.239, 180],
		[251, "PAD104_3", 990.71, -443.975, "T", "DIP", "GND", "GND", "O", 39.37, 79.921, 19.686, 60.236, 180],
		[252, "PAD104_3", 990.71, -443.975, "B", "DIP", "GND", "GND", "O", 39.37, 79.921, 19.686, 60.236, 180]
	]
}
}